{
  "notes": [
    {
      "title": "Read Angular5 blog",
      "text": "Shall do at 6 pm",
      "state": "not-started",
      "id": 1
    },
    {
      "title": "Call Ravi",
      "text": "Track the new submissions",
      "state": "not-started",
      "id": 2
    },
    {
      "title": " ",
      "text": " ",
      "state": "not-started",
      "id": 3
    },
    {
      "title": "",
      "text": "",
      "state": "not-started",
      "id": 4
    },
    {
      "title": "",
      "text": "",
      "state": "not-started",
      "id": 5
    },
    {
      "title": "sample",
      "text": "sample",
      "state": "not-started",
      "id": 6
    }
  ]
}